{"accuracy": [0.6018208861351013, 0.8545273542404175, 0.9132939577102661, 0.9401095509529114, 0.9552030563354492, 0.9648481607437134, 0.9723735451698303, 0.9769400358200073, 0.9795718193054199, 0.9824454188346863], "loss": [1.3512005805969238, 0.46109437942504883, 0.26858487725257874, 0.1814192831516266, 0.13454000651836395, 0.10614627599716187, 0.0831201896071434, 0.07176785171031952, 0.06329550594091415, 0.055084098130464554], "val_accuracy": [0.8097541332244873, 0.892442524433136, 0.9137833118438721, 0.9317664504051208, 0.9513999819755554, 0.9601638913154602, 0.9545299410820007, 0.9679604172706604, 0.9664807915687561, 0.9603345990180969], "val_loss": [0.5842677354812622, 0.32992905378341675, 0.26431283354759216, 0.21009419858455658, 0.15402019023895264, 0.12593010067939758, 0.15290416777133942, 0.12060225754976273, 0.1113666519522667, 0.13326214253902435]}